index,income,risk
0,10.0,1.2
1,25.5,2.08
2,18.1,1.3666666666666665
3,13.6,1.35
4,19.8,1.5333333333333332
5,24.799999999999997,1.9000000000000001
6,10.5,1.2999999999999998
7,25.299999999999997,1.94
8,23.299999999999997,1.7
9,20.3,1.675
